scenario,seed,role,count,earned_per_actor,spent_per_actor,net_per_actor,kills_per_actor,deaths_per_actor,revives_per_actor,delivered_players_per_actor,zone_seconds_per_actor
balanced,42,transport,6,39506.6666666667,5450.0,34056.6666666667,0.0,0.0,0.0,200.166666666667,1257.5
balanced,42,engineer,9,36042.2222222222,44011.1111111111,-7968.88888888889,5.88888888888889,23.7777777777778,0.0,0.0,3607.44444444444
balanced,42,assault,37,34166.2162162162,17254.0540540541,16912.1621621622,6.08108108108108,23.7567567567568,0.0,0.0,3388.67567567568
balanced,42,medic,15,71269.3333333333,11520.0,59749.3333333333,15.5333333333333,18.2,47.9333333333333,0.0,4130.73333333333
balanced,42,armor,6,167181.666666667,123400.0,43781.6666666667,78.6666666666667,25.1666666666667,0.0,0.0,3730.0
balanced,42,sniper,12,154535.0,13741.6666666667,140793.333333333,71.5833333333333,15.1666666666667,0.0,0.0,4627.5
balanced,42,opportunist,15,49200.0,9833.33333333333,39366.6666666667,9.2,18.7333333333333,15.7333333333333,0.0,3899.06666666667
profit,42,transport,6,32008.3333333333,5450.0,26558.3333333333,0.0,0.0,0.0,151.5,1257.83333333333
profit,42,engineer,3,33630.0,42033.3333333333,-8403.33333333333,4.0,24.6666666666667,0.0,0.0,3836.0
profit,42,assault,13,39113.8461538462,17823.0769230769,21290.7692307692,7.53846153846154,24.4615384615385,0.0,0.0,3915.07692307692
profit,42,medic,12,66455.0,12550.0,53905.0,14.8333333333333,19.9166666666667,30.4166666666667,0.0,4262.66666666667
profit,42,opportunist,63,71014.2857142857,8595.2380952381,62419.0476190476,19.1428571428571,16.2698412698413,18.3333333333333,0.0,4541.11111111111
profit,42,sniper,3,150716.666666667,13316.6666666667,137400.0,68.6666666666667,14.6666666666667,0.0,0.0,5115.33333333333
coordinated,42,transport,7,22045.7142857143,5271.42857142857,16774.2857142857,0.0,0.0,0.0,105.857142857143,823.571428571429
coordinated,42,engineer,9,22097.7777777778,27688.8888888889,-5591.11111111111,3.55555555555556,13.0,0.0,0.0,2221.0
coordinated,42,assault,41,20832.1951219512,11251.2195121951,9580.9756097561,2.85365853658537,15.1219512195122,0.0,0.0,2276.09756097561
coordinated,42,medic,16,44205.0,7762.5,36442.5,9.625,11.9375,30.3125,0.0,2536.1875
coordinated,42,armor,7,158888.571428571,58828.5714285714,100060.0,67.2857142857143,13.5714285714286,0.0,0.0,2613.85714285714
coordinated,42,sniper,10,92882.0,9775.0,83107.0,42.5,10.5,0.0,0.0,2789.6
coordinated,42,opportunist,10,29552.0,7000.0,22552.0,5.9,13.0,17.5,0.0,2110.2
balanced,43,transport,6,45220.0,5450.0,39770.0,0.0,0.0,0.0,228.5,1462.66666666667
balanced,43,engineer,9,44905.5555555556,53511.1111111111,-8605.55555555555,8.77777777777778,27.5555555555556,0.0,0.0,4229.44444444444
balanced,43,assault,37,38982.972972973,20091.8918918919,18891.0810810811,6.59459459459459,27.7297297297297,0.0,0.0,3966.97297297297
balanced,43,medic,15,73555.3333333333,14080.0,59475.3333333333,12.7333333333333,22.4666666666667,51.3333333333333,0.0,4705.73333333333
balanced,43,armor,6,224113.333333333,154550.0,69563.3333333333,110.666666666667,28.5,0.0,0.0,4294.33333333333
balanced,43,sniper,12,179410.0,16929.1666666667,162480.833333333,82.8333333333333,18.9166666666667,0.0,0.0,5500.91666666667
balanced,43,opportunist,15,57611.3333333333,11366.6666666667,46244.6666666667,10.8666666666667,21.7333333333333,19.2666666666667,0.0,4514.0
profit,43,transport,6,25428.3333333333,5450.0,19978.3333333333,0.0,0.0,0.0,118.0,993.666666666667
profit,43,engineer,3,36340.0,42333.3333333333,-5993.33333333333,7.33333333333333,18.0,0.0,0.0,3330.33333333333
profit,43,assault,13,31190.7692307692,13730.7692307692,17460.0,5.69230769230769,18.6153846153846,0.0,0.0,3095.84615384615
profit,43,medic,12,55349.1666666667,9750.0,45599.1666666667,12.0,15.5,27.1666666666667,0.0,3587.66666666667
profit,43,opportunist,63,55668.0952380952,6825.39682539683,48842.6984126984,15.0793650793651,12.6984126984127,11.952380952381,0.0,3597.14285714286
profit,43,sniper,3,101336.666666667,9633.33333333333,91703.3333333333,41.0,10.3333333333333,0.0,0.0,4279.66666666667
coordinated,43,transport,7,22972.8571428571,5271.42857142857,17701.4285714286,0.0,0.0,0.0,110.285714285714,815.428571428571
coordinated,43,engineer,9,24246.6666666667,31977.7777777778,-7731.11111111111,4.77777777777778,14.5555555555556,0.0,0.0,2280.55555555556
coordinated,43,assault,41,20128.5365853659,11200.0,8928.53658536585,3.0,15.0487804878049,0.0,0.0,2139.9512195122
coordinated,43,medic,16,43697.5,8062.5,35635.0,9.4375,12.4375,28.25,0.0,2539.3125
coordinated,43,armor,7,173355.714285714,59828.5714285714,113527.142857143,76.7142857142857,12.5714285714286,0.0,0.0,2558.71428571429
coordinated,43,sniper,10,82468.0,9350.0,73118.0,37.3,10.0,0.0,0.0,2753.6
coordinated,43,opportunist,10,27314.0,7700.0,19614.0,5.3,14.5,14.5,0.0,2018.3
balanced,44,transport,6,40756.6666666667,5450.0,35306.6666666667,0.0,0.0,0.0,205.666666666667,1334.0
balanced,44,engineer,9,38660.0,46133.3333333333,-7473.33333333333,6.0,25.1111111111111,0.0,0.0,3824.33333333333
balanced,44,assault,37,35125.1351351351,18332.4324324324,16792.7027027027,5.89189189189189,25.2432432432432,0.0,0.0,3618.21621621622
balanced,44,medic,15,75057.3333333333,12800.0,62257.3333333333,16.2,20.4,49.1333333333333,0.0,4300.6
balanced,44,armor,6,222933.333333333,174233.333333333,48700.0,111.0,26.6666666666667,0.0,0.0,3858.5
balanced,44,sniper,12,149620.0,15300.0,134320.0,66.3333333333333,17.0,0.0,0.0,4952.66666666667
balanced,44,opportunist,15,56965.3333333333,10766.6666666667,46198.6666666667,10.8666666666667,20.6666666666667,18.0,0.0,4260.4
profit,44,transport,6,28343.3333333333,5450.0,22893.3333333333,0.0,0.0,0.0,134.166666666667,1076.66666666667
profit,44,engineer,3,29560.0,36966.6666666667,-7406.66666666667,4.33333333333333,19.3333333333333,0.0,0.0,3231.66666666667
profit,44,assault,13,30620.7692307692,14753.8461538462,15866.9230769231,4.69230769230769,20.0769230769231,0.0,0.0,3292.30769230769
profit,44,medic,12,55048.3333333333,10750.0,44298.3333333333,10.75,16.9166666666667,28.75,0.0,3630.91666666667
profit,44,opportunist,63,62637.619047619,7492.06349206349,55145.5555555556,17.3333333333333,13.984126984127,15.047619047619,0.0,3886.04761904762
profit,44,sniper,3,115100.0,12183.3333333333,102916.666666667,49.3333333333333,13.3333333333333,0.0,0.0,4436.0
coordinated,44,transport,7,36484.2857142857,5271.42857142857,31212.8571428571,0.0,0.0,0.0,174.571428571429,1302.71428571429
coordinated,44,engineer,9,35076.6666666667,42744.4444444444,-7667.77777777778,4.88888888888889,23.3333333333333,0.0,0.0,3706.55555555556
coordinated,44,assault,41,35156.8292682927,17824.3902439024,17332.4390243902,6.26829268292683,24.4878048780488,0.0,0.0,3485.26829268293
coordinated,44,medic,16,62909.375,12937.5,49971.875,10.5,20.5625,44.9375,0.0,3913.375
coordinated,44,armor,7,292671.428571429,213885.714285714,78785.7142857143,138.571428571429,26.0,0.0,0.0,3864.42857142857
coordinated,44,sniper,10,130939.0,14620.0,116319.0,55.9,16.2,0.0,0.0,4658.1
coordinated,44,opportunist,10,51579.0,11300.0,40279.0,10.5,21.6,15.8,0.0,3732.7
